,time step,V no,Name,Number,Diameter(µm),Length(µm),Saturation in,Saturation out,Sav,Resistance for Q,Q in single(µm3/s),Vt(µm3),partial pressure blood(mmHg),X-Area wall(???),wall thickness(µm),tissue partials(mmHg),pt_by_Vt,M,0,1,2,3,4,dptdt,dSoutdt,dSindt
15228,1171,5,A6,32,7.32,154.7,0.765,0.6627777777777778,0.7143333333333334,2.0257276147463348e-05,83274.85656022982,1304955.478573564,37.535281760495636,103.11079053651886,3.1382927268542957,20.402780510642085,26624817.22244942,0.0007458003464656384,0.000307204546285129,-674.7587661380434,17.132426904824396,8438.518798103283,0.0,-0.02787938593088209,-0.3333333333333333,0.0
15579,1198,5,A6,32,7.32,154.7,0.765,0.6623333333333333,0.7138888888888889,2.0257276147463348e-05,81176.09798212365,1304955.478573564,37.50618677211713,103.11079053651886,3.1382927268542957,20.38289004267655,26599022.36505294,0.0007456463177391242,0.000307204546285129,-674.7587661380434,17.123098765062586,8298.001127061529,0.0,-0.07423664174868308,-0.16666666666666666,0.0
15657,1204,5,A6,32,7.32,154.7,0.765,0.6601111111111111,0.7130000000000001,2.0257276147463348e-05,80709.5607202038,1304955.478573564,37.44813701533921,103.11079053651886,3.1382927268542957,20.378108115165798,26592962.75274441,0.0007456112549824116,0.000307204546285129,-674.7587661380434,17.069692547783156,8393.794314901194,0.0,-0.12613214634892528,-0.3333333333333333,0.0
15982,1229,5,A6,32,7.32,154.7,0.765,0.6578888888888889,0.7118888888888889,2.0257276147463348e-05,78765.07930089478,1304955.478573564,37.37583591910129,103.11079053651886,3.1382927268542957,20.34280692411558,26547087.29007457,0.0007454132956799019,0.000307204546285129,-674.7587661380434,17.03254626212926,8366.601756850601,0.0,-0.18102482117065602,-0.3333333333333333,0.0
16124,1240,4,A5,16,9.46,161.2,0.84,0.7627777777777778,0.8018333333333334,7.874815891778237e-06,155214.7463688792,1919460.3552955475,44.481324245356866,130.57293475327975,3.265971235566071,24.718336888633647,47446061.23165476,0.0007573764451293281,0.00017651954690785603,-873.1410554199905,19.762886534071452,11848.05897282443,0.0,-0.03780849441004037,-0.3333333333333333,0.0
16138,1241,5,A6,32,7.32,154.7,0.7627777777777778,0.6561111111111111,0.7096666666666667,2.0257276147463348e-05,77831.39746018383,1304955.478573564,37.232093758317006,103.11079053651886,3.1382927268542957,20.31788102941981,26515326.664822686,0.0007452936321253657,0.000307204546285129,-674.7587661380434,16.913142575548402,8267.423996881751,0.0,-0.4013075057965112,-0.16666666666666666,0.0
16333,1256,5,A6,32,7.32,154.7,0.7627777777777778,0.6556666666666666,0.7094444444444444,2.0257276147463348e-05,76663.99319748153,1304955.478573564,37.21778198300281,103.11079053651886,3.1382927268542957,20.271093893499167,26454095.174262237,0.0007450894062510599,0.000307204546285129,-674.7587661380434,16.9457530834583,8177.492607731365,0.0,-0.3506272670056461,-0.16666666666666666,0.0
16398,1261,5,A6,32,7.32,154.7,0.7627777777777778,0.6534444444444444,0.7085555555555556,2.0257276147463348e-05,76274.78391818858,1304955.478573564,37.16064735280324,103.11079053651886,3.1382927268542957,20.256454466989105,26435106.71921769,0.0007450247928371341,0.000307204546285129,-674.7587661380434,16.903169489946425,8271.576567128006,0.0,-0.3837734503905665,-0.3333333333333333,0.0
16566,1274,4,A5,16,9.46,161.2,0.84,0.7623333333333333,0.8013888888888889,7.874815891778237e-06,149942.15938223372,1919460.3552955475,44.43786341922422,130.57293475327975,3.265971235566071,24.6856815298297,47383672.66629042,0.0007571873795530474,0.00017651954690785603,-873.1410554199905,19.751928887904068,11578.866752294709,0.0,-0.09487555891952784,-0.16666666666666666,0.0
16632,1279,5,A6,32,7.32,154.7,0.7623333333333333,0.6512222222222221,0.7072222222222222,2.0257276147463348e-05,74873.32245203809,1304955.478573564,37.07528052399358,103.11079053651886,3.1382927268542957,20.196455671629977,26356925.626302514,0.0007447666840912225,0.000307204546285129,-674.7587661380434,16.877713588520002,8252.703985824644,0.0,-0.41672394135040375,-0.3333333333333333,0.0
16657,1281,4,A5,16,9.46,161.2,0.84,0.7601111111111111,0.8005,7.874815891778237e-06,148856.20135648,1919460.3552955475,44.351275869733904,130.57293475327975,3.265971235566071,24.67855472522271,47370342.47784229,0.0007571478547981081,0.00017651954690785603,-873.1410554199905,19.67228609682532,11759.639907161914,0.0,-0.16314288220377485,-0.3333333333333333,0.0
16736,1287,5,A6,32,7.32,154.7,0.7601111111111111,0.6507777777777777,0.7056666666666667,2.0257276147463348e-05,74250.29622468035,1304955.478573564,36.976188826369814,103.11079053651886,3.1382927268542957,20.16072363646613,26310774.3684268,0.0007446225218741255,0.000307204546285129,-674.7587661380434,16.813988046013012,8085.032255576309,0.0,-0.5539289590025579,-0.16666666666666666,0.0
16788,1291,5,A6,32,7.32,154.7,0.7601111111111111,0.6485555555555554,0.7047777777777777,2.0257276147463348e-05,73938.74755418029,1304955.478573564,36.9198056356916,103.11079053651886,3.1382927268542957,20.142604537726122,26287220.70654125,0.0007445490804482314,0.000307204546285129,-674.7587661380434,16.775654254162777,8182.5547293292875,0.0,-0.5800664260109933,-0.3333333333333333,0.0
17022,1309,5,A6,32,7.32,154.7,0.7601111111111111,0.6463333333333332,0.7036666666666667,2.0257276147463348e-05,72536.48614892054,1304955.478573564,36.84957033937633,103.11079053651886,3.1382927268542957,20.058949090048515,26177929.75287845,0.0007442089015067426,0.000307204546285129,-674.7587661380434,16.789169672302744,8188.56332525592,0.0,-0.5443413844001826,-0.3333333333333333,0.0
17047,1311,4,A5,16,9.46,161.2,0.84,0.7596666666666666,0.8000555555555555,7.874815891778237e-06,144200.4591679992,1919460.3552955475,44.30814798360282,130.57293475327975,3.265971235566071,24.624235868950954,47266195.52446358,0.0007569218805822367,0.00017651954690785603,-873.1410554199905,19.68341666572895,11520.014460199049,0.0,-0.1857933460949076,-0.16666666666666666,0.0
17125,1317,4,A5,16,9.46,161.2,0.84,0.7592222222222221,0.7998333333333333,7.874815891778237e-06,143268.99391471915,1919460.3552955475,44.2866252604323,130.57293475327975,3.265971235566071,24.614246074015842,47247099.45981484,0.0007568787168254907,0.00017651954690785603,-873.1410554199905,19.671842605783514,11509.275844482443,0.0,-0.20121773735389525,-0.16666666666666666,0.0
17191,1322,5,A6,32,7.32,154.7,0.7592222222222221,0.6458888888888887,0.7027777777777777,2.0257276147463348e-05,71523.44561661518,1304955.478573564,36.793575506138296,103.11079053651886,3.1382927268542957,19.99715452924131,26097345.91862408,0.000743957638994596,0.000307204546285129,-674.7587661380434,16.794927010366727,8074.20230516456,0.0,-0.5602374488505917,-0.16666666666666666,0.0
17203,1323,4,A5,16,9.46,161.2,0.84,0.7587777777777777,0.7996111111111109,7.874815891778237e-06,142337.42369696588,1919460.3552955475,44.26512992179707,130.57293475327975,3.265971235566071,24.60354893923556,47226639.77927749,0.0007568338948797733,0.00017651954690785603,-873.1410554199905,19.66100634665514,11497.700780854919,0.0,-0.21548846488954815,-0.16666666666666666,0.0
17217,1324,5,A6,32,7.32,154.7,0.7587777777777777,0.6436666666666665,0.7016666666666665,2.0257276147463348e-05,71367.57128933558,1304955.478573564,36.72382165568706,103.11079053651886,3.1382927268542957,19.98754505397804,26085031.46413285,0.0007439190972028921,0.000307204546285129,-674.7587661380434,16.734609845452596,8151.762587270774,0.0,-0.6250335961596022,-0.3333333333333333,0.0
17281,1329,4,A5,16,9.46,161.2,0.84,0.7565555555555554,0.7987222222222221,7.874815891778237e-06,141405.74883831426,1919460.3552955475,44.179420992121464,130.57293475327975,3.265971235566071,24.591820039987784,47204435.47907531,0.0007567869515125879,0.00017651954690785603,-873.1410554199905,19.586865408025,11673.830154096391,0.0,-0.2758290407585551,-0.3333333333333333,0.0
17308,1331,5,A6,32,7.32,154.7,0.7565555555555554,0.643222222222222,0.7001111111111109,2.0257276147463348e-05,70821.96525170772,1304955.478573564,36.62660934131118,103.11079053651886,3.1382927268542957,19.948047755921785,26033929.59087564,0.0007437631674817313,0.000307204546285129,-674.7587661380434,16.676557390624627,7995.012966192784,0.0,-0.7515730367896061,-0.16666666666666666,0.0
17347,1334,5,A6,32,7.32,154.7,0.7565555555555554,0.6427777777777776,0.6998888888888888,2.0257276147463348e-05,70588.11228888927,1304955.478573564,36.61276373260257,103.11079053651886,3.1382927268542957,19.92997190428563,26010306.90806819,0.0007436917087769258,0.000307204546285129,-674.7587661380434,16.68081407214378,7999.986059407455,0.0,-0.7416585649369667,-0.16666666666666666,0.0
17399,1338,5,A6,32,7.32,154.7,0.7565555555555554,0.6405555555555553,0.6989999999999998,2.0257276147463348e-05,70276.2880447139,1304955.478573564,36.557485199106296,103.11079053651886,3.1382927268542957,19.906075126968574,25979172.79872873,0.0007435972230670942,0.000307204546285129,-674.7587661380434,16.649393907649873,8089.581601591515,0.0,-0.7560616829460919,-0.3333333333333333,0.0
17594,1353,5,A6,32,7.32,154.7,0.7565555555555554,0.6401111111111109,0.6985555555555554,2.0257276147463348e-05,69106.74154493093,1304955.478573564,36.529908009168956,103.11079053651886,3.1382927268542957,19.816439170907273,25861910.53736479,0.0007432400049290185,0.000307204546285129,-674.7587661380434,16.71167592232854,8016.382019211996,0.0,-0.6723434749262794,-0.16666666666666666,0.0
17632,1356,4,A5,16,9.46,161.2,0.84,0.7543333333333332,0.7976111111111109,7.874815891778237e-06,137211.92696756212,1919460.3552955475,44.07289251228489,130.57293475327975,3.265971235566071,24.521319065945054,47069336.13016029,0.0007565328325064602,0.00017651954690785603,-873.1410554199905,19.55072095489796,11632.522252916662,0.0,-0.3196842907039909,-0.3333333333333333,0.0
17633,1356,5,A6,32,7.32,154.7,0.7543333333333332,0.6365555555555552,0.6963333333333331,2.0257276147463348e-05,68872.79348949513,1304955.478573564,36.39263685406244,103.11079053651886,3.1382927268542957,19.799878601324803,25840475.857383177,0.000743173586184171,0.000307204546285129,-674.7587661380434,16.59083036972997,8111.684566540551,0.0,-0.7229561278734232,-0.3333333333333333,-0.3333333333333333
17841,1372,5,A6,32,7.32,154.7,0.7543333333333332,0.634333333333333,0.6947777777777775,2.0257276147463348e-05,67624.85422741342,1304955.478573564,36.29714977737184,103.11079053651886,3.1382927268542957,19.69012059513284,25697508.421861634,0.0007427416684225428,0.000307204546285129,-674.7587661380434,16.604900621139038,8054.871525754142,0.0,-0.7982104124842291,-0.3333333333333333,0.0
17957,1381,4,A5,16,9.46,161.2,0.84,0.7521111111111108,0.7965,7.874815891778237e-06,133326.9091589865,1919460.3552955475,43.96703114245307,130.57293475327975,3.265971235566071,24.447850381588392,46928512.56264796,0.0007562776422319988,0.00017651954690785603,-873.1410554199905,19.518225813820912,11599.441096831832,0.0,-0.3581051414119579,-0.3333333333333333,0.0
17958,1381,5,A6,32,7.32,154.7,0.7521111111111108,0.6338888888888885,0.6936666666666664,2.0257276147463348e-05,66922.72956177044,1304955.478573564,36.2292446265832,103.11079053651886,3.1382927268542957,19.630979063088446,25620351.37280728,0.0007425057939485429,0.000307204546285129,-674.7587661380434,16.596121663022274,7941.4972413301075,0.0,-0.8039626771805034,-0.16666666666666666,-0.3333333333333333
17971,1382,5,A6,32,7.32,154.7,0.7521111111111108,0.6321111111111107,0.692333333333333,2.0257276147463348e-05,66844.70870610482,1304955.478573564,36.148084803621146,103.11079053651886,3.1382927268542957,19.623404469981264,25610974.85645274,0.0007424773629516473,0.000307204546285129,-674.7587661380434,16.52214715519817,7991.656285307657,0.0,-0.9499419156440352,-0.16666666666666666,0.0
18101,1392,5,A6,32,7.32,154.7,0.7521111111111108,0.6316666666666663,0.6921111111111109,2.0257276147463348e-05,66064.42360803294,1304955.478573564,36.13459253289739,103.11079053651886,3.1382927268542957,19.550652779510976,25515689.579038765,0.0007421880417405577,0.000307204546285129,-674.7587661380434,16.58167291380836,7927.730832963967,0.0,-0.8500648417738192,-0.16666666666666666,0.0
18140,1395,5,A6,32,7.32,154.7,0.7521111111111108,0.6294444444444439,0.6912222222222221,2.0257276147463348e-05,65830.31107132284,1304955.478573564,36.080720998158256,103.11079053651886,3.1382927268542957,19.530024917441345,25488836.91043656,0.0007421055977016334,0.000307204546285129,-674.7587661380434,16.548378838640144,8016.668992685551,0.0,-0.868965778787489,-0.3333333333333333,0.0
18256,1404,4,A5,16,9.46,161.2,0.84,0.7516666666666665,0.7960555555555555,7.874815891778237e-06,129751.15578193912,1919460.3552955475,43.92487147108425,130.57293475327975,3.265971235566071,24.373779382238798,46786284.38396461,0.0007560265464865973,0.00017651954690785603,-873.1410554199905,19.55016414520112,11403.684913723779,0.0,-0.3479788666239298,-0.16666666666666666,0.0
18296,1407,5,A6,32,7.32,154.7,0.7516666666666665,0.6272222222222218,0.6898888888888886,2.0257276147463348e-05,64893.73740094629,1304955.478573564,36.000204434387285,103.11079053651886,3.1382927268542957,19.446294341246933,25379508.40324178,0.0007417692239953155,0.000307204546285129,-674.7587661380434,16.551641766959044,8017.981776650265,0.0,-0.8506223179914173,-0.3333333333333333,0.0
18321,1409,4,A5,16,9.46,161.2,0.84,0.7512222222222221,0.7958333333333332,7.874815891778237e-06,128973.62670850292,1919460.3552955475,43.90383098153769,130.57293475327975,3.265971235566071,24.35917541128356,46758291.33517652,0.0007559754265327389,0.00017651954690785603,-873.1410554199905,19.543707467563397,11392.670359251111,0.0,-0.3555385090255256,-0.16666666666666666,0.0
18386,1414,4,A5,16,9.46,161.2,0.84,0.7489999999999998,0.7949444444444443,7.874815891778237e-06,128196.03015498408,1919460.3552955475,43.819929771293374,130.57293475327975,3.265971235566071,24.343912004467157,46729266.18675666,0.0007559230030258723,0.00017651954690785603,-873.1410554199905,19.474927772248932,11551.886717299141,0.0,-0.4087479664816049,-0.3333333333333333,0.0
18400,1415,5,A6,32,7.32,154.7,0.7489999999999998,0.6254444444444439,0.6874444444444441,2.0257276147463348e-05,64269.24613187402,1304955.478573564,35.853485669839955,103.11079053651886,3.1382927268542957,19.387928516781805,25303909.83265058,0.000741536269553721,0.000307204546285129,-674.7587661380434,16.462854917969338,7912.258301568502,0.0,-1.01333815830187,-0.16666666666666666,0.0
18491,1422,5,A6,32,7.32,154.7,0.7489999999999998,0.6232222222222218,0.6865555555555553,2.0257276147463348e-05,63722.74564949452,1304955.478573564,35.80041699496083,103.11079053651886,3.1382927268542957,19.332308949353095,25231206.06186357,0.0007413134772884269,0.000307204546285129,-674.7587661380434,16.465499845569962,7958.262901114658,0.0,-0.978075014165152,-0.3333333333333333,0.0
18647,1434,5,A6,32,7.32,154.7,0.7489999999999998,0.6227777777777773,0.6861111111111108,2.0257276147463348e-05,62785.73616714839,1304955.478573564,35.77393881217849,103.11079053651886,3.1382927268542957,19.239940684223484,25110348.65764941,0.0007409396370009227,0.000307204546285129,-674.7587661380434,16.531635860128876,7897.0503712457885,0.0,-0.8858504347997163,-0.16666666666666666,0.0
18659,1435,4,A5,16,9.46,161.2,0.84,0.7485555555555553,0.7944999999999999,7.874815891778237e-06,124929.39755120176,1919460.3552955475,43.77813468666565,130.57293475327975,3.265971235566071,24.26815288707035,46583780.34486957,0.0007556732890577866,0.00017651954690785603,-873.1410554199905,19.508927866972385,11368.575177159382,0.0,-0.3952247335948183,-0.16666666666666666,0.0
18673,1436,5,A6,32,7.32,154.7,0.7485555555555553,0.6209999999999996,0.6849999999999996,2.0257276147463348e-05,62629.54949737853,1304955.478573564,35.707906084809615,103.11079053651886,3.1382927268542957,19.225129424118208,25091274.73891111,0.0007408800243363043,0.000307204546285129,-674.7587661380434,16.480219661102527,7960.911625000127,0.0,-0.9588748458313802,-0.16666666666666666,0.0
18724,1440,4,A5,16,9.46,161.2,0.84,0.7463333333333331,0.7936111111111109,7.874815891778237e-06,124151.45724729482,1919460.3552955475,43.69485293212493,130.57293475327975,3.265971235566071,24.25137128922372,46551825.85780286,0.0007556170071631763,0.00017651954690785603,-873.1410554199905,19.442293753513983,11518.496311276822,0.0,-0.44545852021059335,-0.3333333333333333,0.0
18738,1441,5,A6,32,7.32,154.7,0.7463333333333331,0.6192222222222218,0.6829999999999996,2.0257276147463348e-05,62239.06001163623,1304955.478573564,35.589627540698146,103.11079053651886,3.1382927268542957,19.18557130684564,25040094.18185301,0.0007407209173455004,0.000307204546285129,-674.7587661380434,16.40116127269632,7883.614268140598,0.0,-1.0856104335682726,-0.16666666666666666,0.0
18829,1448,5,A6,32,7.32,154.7,0.7463333333333331,0.6187777777777773,0.6827777777777775,2.0257276147463348e-05,61692.32038439733,1304955.478573564,35.576531138494225,103.11079053651886,3.1382927268542957,19.126424077036845,24962645.201164834,0.0007404810180199981,0.000307204546285129,-674.7587661380434,16.447414773197767,7841.779391083406,0.0,-1.0096080973555674,-0.16666666666666666,0.0
18868,1451,5,A6,32,7.32,154.7,0.7463333333333331,0.6165555555555551,0.6818888888888885,2.0257276147463348e-05,61457.984148745105,1304955.478573564,35.52423610288683,103.11079053651886,3.1382927268542957,19.102099401507058,24930938.61254365,0.0007403820167491317,0.000307204546285129,-674.7587661380434,16.419416803001248,7921.251290282712,0.0,-1.0199618919444209,-0.3333333333333333,0.0
18984,1460,4,A5,16,9.46,161.2,0.84,0.7458888888888886,0.7931666666666666,7.874815891778237e-06,121039.0550879945,1919460.3552955475,43.65336522287938,130.57293475327975,3.265971235566071,24.173726010828023,46402700.72710084,0.0007553649076497835,0.00017651954690785603,-873.1410554199905,19.47849721944202,11337.324826575512,0.0,-0.4282472285009185,-0.16666666666666666,0.0
18998,1461,5,A6,32,7.32,154.7,0.7458888888888886,0.6161111111111106,0.6812222222222218,2.0257276147463348e-05,60676.78087934577,1304955.478573564,35.48510948630141,103.11079053651886,3.1382927268542957,19.020841912895197,24824723.62934093,0.0007400490501477179,0.000307204546285129,-674.7587661380434,16.461683754967936,7847.530327062064,0.0,-0.9689319143560624,-0.16666666666666666,0.0
19036,1464,4,A5,16,9.46,161.2,0.84,0.7454444444444441,0.7929444444444442,7.874815891778237e-06,120416.45360271672,1919460.3552955475,43.63265943472043,130.57293475327975,3.265971235566071,24.159492749366585,46375420.25713836,0.0007553175291167523,0.00017651954690785603,-873.1410554199905,19.472004004044585,11332.52624461126,0.0,-0.4360054909728913,-0.16666666666666666,0.0
19037,1464,5,A6,32,7.32,154.7,0.7454444444444441,0.6143333333333328,0.680333333333333,2.0257276147463348e-05,60442.39538796001,1304955.478573564,35.433066073212736,103.11079053651886,3.1382927268542957,18.997326196571557,24794153.06514009,0.0007399523899400153,0.000307204546285129,-674.7587661380434,16.43306686079334,7924.669617532545,1.0,-1.0023809429385884,-0.16666666666666666,-0.16666666666666666
19088,1468,4,A5,16,9.46,161.2,0.84,0.7449999999999997,0.7927222222222221,7.874815891778237e-06,119793.81244572533,1919460.3552955475,43.61197893889089,130.57293475327975,3.265971235566071,24.145019910436577,46347677.79622984,0.0007552695392509624,0.00017651954690785603,-873.1410554199905,19.465776768909908,11327.170487923615,0.0,-0.4433473291560149,-0.16666666666666666,0.0
19115,1470,5,A6,32,7.32,154.7,0.7449999999999997,0.6138888888888884,0.6796666666666662,2.0257276147463348e-05,59973.59086625624,1304955.478573564,35.39412702592366,103.11079053651886,3.1382927268542957,18.94873393398481,24730696.600970697,0.0007397518839940638,0.000307204546285129,-674.7587661380434,16.442755115516718,7836.549206524158,0.0,-0.9892411583018806,-0.16666666666666666,0.0
19140,1472,4,A5,16,9.46,161.2,0.84,0.7445555555555552,0.7924999999999998,7.874815891778237e-06,119171.13192246784,1919460.3552955475,43.59132367168847,130.57293475327975,3.265971235566071,24.13032041572702,46319498.25137803,0.0007552209671944553,0.00017651954690785603,-873.1410554199905,19.45980247429129,11321.25753263448,0.0,-0.4502931263101139,-0.16666666666666666,0.0
19154,1473,5,A6,32,7.32,154.7,0.7445555555555552,0.6121111111111106,0.6785555555555551,2.0257276147463348e-05,59739.17196607542,1304955.478573564,35.32940549920655,103.11079053651886,3.1382927268542957,18.924576921623768,24699359.69328249,0.0007396524397506737,0.000307204546285129,-674.7587661380434,16.402047364137335,7885.5706995219625,0.0,-1.0429550420439435,-0.16666666666666666,0.0
19192,1476,4,A5,16,9.46,161.2,0.84,0.7441111111111107,0.7922777777777776,7.874815891778237e-06,118548.41234575665,1919460.3552955475,43.57069356963557,130.57293475327975,3.265971235566071,24.115406554295763,46290905.31019011,0.0007551718406674722,0.00017651954690785603,-873.1410554199905,19.454068715947198,11314.787356111705,0.0,-0.4568622722291809,-0.16666666666666666,0.0
19232,1479,5,A6,32,7.32,154.7,0.7441111111111107,0.6116666666666661,0.6781111111111107,2.0257276147463348e-05,59270.30122122816,1304955.478573564,35.30357844137897,103.11079053651886,3.1382927268542957,18.874976717048224,24634504.069369946,0.0007394466674100039,0.000307204546285129,-674.7587661380434,16.425919797960947,7823.679761202123,0.0,-1.0057223886752806,-0.16666666666666666,0.0
19244,1480,4,A5,16,9.46,161.2,0.84,0.7436666666666663,0.7920555555555553,7.874815891778237e-06,117925.65403590568,1919460.3552955475,43.55008856947832,130.57293475327975,3.265971235566071,24.100290013402443,46261921.50030851,0.0007551221860396918,0.00017651954690785603,-873.1410554199905,19.44856369417796,11307.759936998553,0.0,-0.4630732117223833,-0.16666666666666666,0.0
19258,1481,5,A6,32,7.32,154.7,0.7436666666666663,0.6098888888888884,0.6769999999999996,2.0257276147463348e-05,59114.001286072606,1304955.478573564,35.23916361666125,103.11079053651886,3.1382927268542957,18.858311434465087,24612990.09531169,0.0007393781831124143,0.000307204546285129,-674.7587661380434,16.377991339568748,7881.866838143019,0.0,-1.0728159852818802,-0.16666666666666666,0.0
19296,1484,4,A5,16,9.46,161.2,0.84,0.741444444444444,0.7911666666666665,7.874815891778237e-06,117302.85732087262,1919460.3552955475,43.46791833050179,130.57293475327975,3.265971235566071,24.084620013073355,46232104.93640288,0.0007550714482557798,0.00017651954690785603,-873.1410554199905,19.381927281583074,11456.579065005266,0.0,-0.5141384420067386,-0.3333333333333333,0.0
19310,1485,5,A6,32,7.32,154.7,0.741444444444444,0.6081111111111106,0.6749999999999996,2.0257276147463348e-05,58801.38701000705,1304955.478573564,35.123762043080795,103.11079053651886,3.1382927268542957,18.82268189186348,24566944.09633469,0.0007392322036040554,0.000307204546285129,-674.7587661380434,16.297875260193294,7814.050984885384,0.0,-1.2018341340060985,-0.16666666666666666,0.0
19401,1492,5,A6,32,7.32,154.7,0.741444444444444,0.6058888888888884,0.6741111111111107,2.0257276147463348e-05,58254.266253569236,1304955.478573564,35.07269510644316,103.11079053651886,3.1382927268542957,18.757184011529077,24481276.15880853,0.0007389608739073874,0.000307204546285129,-674.7587661380434,16.31245649234975,7844.907855480659,0.0,-1.145475961626259,-0.3333333333333333,0.0
19596,1507,5,A6,32,7.32,154.7,0.741444444444444,0.6023333333333327,0.6723333333333328,2.0257276147463348e-05,57697.213267758416,1304955.478573564,34.97096736674376,103.11079053651886,3.1382927268542957,18.626545640619646,24310293.42333321,0.0007384112797712588,0.000307204546285129,-674.7587661380434,16.34175447596637,7975.037033899059,0.0,-1.0002188091542077,-0.3333333333333333,0.0
19686,1514,4,A5,16,9.46,161.2,0.84,0.7396666666666663,0.7900555555555553,7.874815891778237e-06,114930.02126964685,1919460.3552955475,43.36576282590706,130.57293475327975,3.265971235566071,23.961093689500412,45994915.6230903,0.0007546724010384841,0.00017651954690785603,-873.1410554199905,19.403342609101767,11480.23212460143,0.0,-0.4974477393283412,-0.16666666666666666,0.0
20116,1547,5,A6,32,7.32,154.7,0.7396666666666663,0.6001111111111105,0.6703333333333328,2.0257276147463348e-05,57646.674943559294,1304955.478573564,34.85716322707083,103.11079053651886,3.1382927268542957,18.332059534979233,23925030.426194765,0.0007371292291412149,0.000307204546285129,-674.7587661380434,16.523181095858952,7993.672258840234,0.0,-0.7209735872403118,-0.3333333333333333,0.0
20818,1601,5,A6,32,7.32,154.7,0.7396666666666663,0.5978888888888882,0.6692222222222217,2.0257276147463348e-05,57575.239879229404,1304955.478573564,34.794227674568575,103.11079053651886,3.1382927268542957,18.097107944827517,23617267.75767404,0.0007360089804408298,0.000307204546285129,-674.7587661380434,16.696087051801978,8111.711574095885,0.0,-0.3872542271536983,-0.3333333333333333,0.0
21389,1645,4,A5,16,9.46,161.2,0.84,0.7378888888888885,0.7891666666666665,7.874815891778237e-06,114582.65332870756,1919460.3552955475,43.28447946029601,130.57293475327975,3.265971235566071,23.68856050202549,45470127.62880696,0.0007535631613272811,0.00017651954690785603,-873.1410554199905,19.595463168107084,11649.236421751975,0.0,-0.17092131128747567,-0.16666666666666666,0.0
21481,1652,5,A6,32,7.32,154.7,0.7378888888888885,0.5943333333333326,0.6665555555555551,2.0257276147463348e-05,57504.18258701955,1304955.478573564,34.644012167428,103.11079053651886,3.1382927268542957,17.961615614455813,23440188.73282559,0.0007352894083094101,0.000307204546285129,-674.7587661380434,16.681568913465142,8203.930049081471,0.0,-0.3103648151425977,-0.3333333333333333,0.0
27500,2115,5,A6,32,7.32,154.7,0.7378888888888885,0.5938888888888881,0.6661111111111105,2.0257276147463348e-05,56655.03503700376,1304955.478573564,34.619088928764384,103.11079053651886,3.1382927268542957,17.741354038348042,23151649.16369744,0.0007328628147093127,0.000307204546285129,-674.7587661380434,16.877756336326584,8133.145029756559,0.0,0.008042216340539093,-0.16666666666666666,0.0
27733,2133,4,A5,16,9.46,161.2,0.84,0.737444444444444,0.7889444444444442,7.874815891778237e-06,112787.35066549365,1919460.3552955475,43.26421936788679,130.57293475327975,3.265971235566071,23.585736425442015,45271835.97789252,0.0007516742141477818,0.00017651954690785603,-873.1410554199905,19.678509012893905,11516.841695732117,0.0,0.009776418421766709,-0.16666666666666666,0.0
28007,2154,5,A6,32,7.32,154.7,0.737444444444444,0.5934444444444437,0.6656666666666661,2.0257276147463348e-05,56563.023223583135,1304955.478573564,34.59419759446405,103.11079053651886,3.1382927268542957,17.735927543407826,23144661.94020509,0.000732713386184372,0.000307204546285129,-674.7587661380434,16.85821937894337,8119.936222763287,0.0,-0.019002042319229837,-0.16666666666666666,0.0
28930,2225,5,A6,32,7.32,154.7,0.737444444444444,0.5912222222222214,0.6647777777777772,2.0257276147463348e-05,56386.4465535706,1304955.478573564,34.544510208981855,103.11079053651886,3.1382927268542957,17.723536630643036,23128564.020995814,0.000732430550350288,0.000307204546285129,-674.7587661380434,16.82086798459159,8194.830232452277,0.0,-0.03959765520955083,-0.3333333333333333,0.0
29345,2257,4,A5,16,9.46,161.2,0.84,0.7369999999999995,0.7887222222222221,7.874815891778237e-06,112169.93014057461,1919460.3552955475,43.24398345472376,130.57293475327975,3.265971235566071,23.580671107239084,45262143.68046029,0.0007512474972898932,0.00017651954690785603,-873.1410554199905,19.66332259054504,11503.649502194528,0.0,0.003841147638981911,-0.16666666666666666,0.0
30736,2364,4,A5,16,9.46,161.2,0.84,0.7365555555555551,0.7884999999999998,7.874815891778237e-06,111583.19861358462,1919460.3552955475,43.223771660996036,130.57293475327975,3.265971235566071,23.572415386100477,45246312.86800644,0.000750869782188897,0.00017651954690785603,-873.1410554199905,19.65135832972947,11493.069457199264,0.0,0.0007705627154678642,-0.16666666666666666,0.0
31777,2444,5,A6,32,7.32,154.7,0.7365555555555551,0.5889999999999992,0.6632222222222216,2.0257276147463348e-05,55774.96235575722,1304955.478573564,34.45786076029547,103.11079053651886,3.1382927268542957,17.656928206105928,23041626.99040385,0.0007314381565920656,0.000307204546285129,-674.7587661380434,16.800839222985662,8180.32781217774,0.0,-0.034999201456761136,-0.3333333333333333,0.0
31895,2453,6,C,64,6.216121873822365,243.9,0.5889999999999992,0.6077777777777778,0.5988333333333329,4.5137082116410776e-05,27894.034348932568,348621.565242321,31.16039385006516,90.74489753895769,3.1004043158657537,27.781494130679413,9685662.999868037,0.0007595754748292102,0.0002702024437968244,-914.4365557543872,3.3776518583708324,-548.5826755290303,0.0,-0.4679478805913339,-0.3333333333333333,0.0
31997,2461,4,A5,16,9.46,161.2,0.84,0.7361111111111106,0.7882777777777775,7.874815891778237e-06,111016.64818814864,1919460.3552955475,43.20358392709983,130.57293475327975,3.265971235566071,23.562788550918622,45227845.64845621,0.0007505221764432387,0.00017651954690785603,-873.1410554199905,19.64079164348828,11484.055495907429,0.0,-0.0013997598478147607,-0.16666666666666666,0.0
32272,2482,6,C,64,6.1766806491188015,243.9,0.5889999999999992,0.6073333333333333,0.5983888888888884,4.5137082116410776e-05,27850.503213822874,348621.565242321,31.13930523618175,90.32573467340276,3.0995042342233887,27.69295053303208,9654528.595891384,0.0007593131447482479,0.0002736642192842419,-908.898329128804,3.4458704104253925,-522.9705603484736,0.0,-0.18160977160439748,-0.16666666666666666,0.0
32389,2491,6,C,64,6.164603842020714,243.9,0.5889999999999992,0.6051111111111109,0.5974999999999996,4.5137082116410776e-05,27836.92203324713,348621.565242321,31.09718649515508,90.19770076164255,3.0992355087673022,27.67588363912737,9648707.01832378,0.0007592519177252125,0.00027473751690457453,-907.1998811836733,3.42045051464531,-473.22767456522325,0.0,-0.31962801840031263,-0.3333333333333333,0.0
32870,2528,6,C,64,6.1158482033706685,243.9,0.5889999999999992,0.6028888888888888,0.5963888888888884,4.5137082116410776e-05,27780.85790806081,348621.565242321,31.04464710379416,89.68230206869455,3.0981836926807262,27.59162817431318,9619278.621465987,0.0007589705917629639,0.00027913540097197905,-900.3304221130504,3.452324710370828,-410.53934464136483,0.0,-0.2603321663062918,-0.3333333333333333,0.0
33206,2554,4,A5,16,9.46,161.2,0.84,0.7338888888888884,0.7873888888888887,7.874815891778237e-06,110456.44604835221,1919460.3552955475,43.123072404942334,130.57293475327975,3.265971235566071,23.55192673820862,45207229.98056494,0.000750185258942671,0.00017651954690785603,-873.1410554199905,19.571020467092225,11622.472711976665,0.0,-0.04694986555353891,-0.3333333333333333,0.0
33220,2555,5,A6,32,7.32,154.7,0.7338888888888884,0.5872222222222214,0.6607777777777771,2.0257276147463348e-05,55439.988499362764,1304955.478573564,34.322468149601306,103.11079053651886,3.1382927268542957,17.604040447855986,22973089.30011373,0.0007308555555885057,0.000307204546285129,-674.7587661380434,16.717967707007347,8106.558318351281,0.0,-0.17249802674579354,-0.16666666666666666,0.0
33273,2559,6,C,64,6.076211373242332,243.9,0.5872222222222214,0.6011111111111109,0.5943888888888884,4.5137082116410776e-05,27733.7794673101,348621.565242321,30.95037864420361,89.26505993126553,3.0973679894685824,27.508418464941467,9590610.019201424,0.0007587127485823678,0.0002827890360134855,-894.7309466451474,3.440290412756561,-397.5175056981324,0.0,-0.6261624395927116,-0.16666666666666666,0.0
33546,2580,6,C,64,6.0500548854115275,243.9,0.5872222222222214,0.6006666666666666,0.5941666666666663,4.5137082116410776e-05,27701.951834862222,348621.565242321,30.939928187229928,88.99058536265255,3.096849240741708,27.43565020974193,9564888.029327143,0.00075850369610706,0.0002852395120893641,-891.028595747037,3.5036219372744815,-384.74933103977327,0.0,-0.2460150800732465,-0.16666666666666666,0.0
33650,2588,6,C,64,6.040247881004378,243.9,0.5872222222222214,0.5971111111111109,0.5926111111111106,4.5137082116410776e-05,27689.859395718697,348621.565242321,30.86690718182312,88.88785229656933,3.0966587729540485,27.417977729721443,9558792.44433968,0.0007584438664367835,0.00028616649922814404,-889.6389743287183,3.4480857509241893,-298.4351512649865,0.0,-0.3163879415588442,-0.3333333333333333,0.0
34482,2652,6,C,64,5.965212280447824,243.9,0.5872222222222214,0.5966666666666665,0.5921666666666662,4.5137082116410776e-05,27594.37545613637,348621.565242321,30.846086307121922,88.10501846795596,3.0952748876062,27.278228421315426,9509863.56912557,0.0007579630412334024,0.00029341107831594687,-878.9801556477911,3.5676144130627483,-272.87771284403215,0.0,-0.09130227890604437,-0.16666666666666666,0.0
34651,2665,6,C,64,5.950745553834452,243.9,0.5872222222222214,0.5944444444444442,0.5912777777777773,4.5137082116410776e-05,27575.34710673664,348621.565242321,30.804500536313853,87.9547403772431,3.0950231377184285,27.26223042569271,9504430.715559404,0.0007578896560466536,0.00029483942285283773,-876.9197916787273,3.541612456074088,-223.6667043102144,0.0,-0.2466204551485002,-0.3333333333333333,0.0
34845,2680,5,A6,32,7.32,154.7,0.7338888888888884,0.586777777777777,0.6605555555555549,2.0257276147463348e-05,55067.70170630164,1304955.478573564,34.31020595180537,103.11079053651886,3.1382927268542957,17.516301966083795,22858081.59604661,0.0007300748985815192,0.000307204546285129,-674.7587661380434,16.793837024773016,8076.596250257589,0.0,-0.02511035570999935,-0.16666666666666666,0.0
35184,2706,6,C,64,5.9068512462042415,243.9,0.586777777777777,0.5939999999999998,0.5906111111111105,4.5137082116410776e-05,27516.34097965801,348621.565242321,30.773359960134613,87.5000608425017,3.094289426323375,27.17679560331286,9474530.443860363,0.0007575881600116166,0.00029923765720317187,-870.6577938751759,3.596239011593237,-210.95861417739454,0.0,-0.12200446069038302,-0.16666666666666666,0.0
35340,2718,6,C,64,5.894502728887049,243.9,0.586777777777777,0.5935555555555553,0.5903888888888884,4.5137082116410776e-05,27499.389694886984,348621.565242321,30.76298901547863,87.37249772921196,3.094091235756632,27.16099606224434,9469034.48957893,0.0007575176181594057,0.00030049272894599376,-868.8933006650708,3.6016328813646514,-198.6067033519773,0.0,-0.13502695111305804,-0.16666666666666666,0.0
35496,2730,6,C,64,5.882380557387509,243.9,0.586777777777777,0.5899999999999996,0.5888333333333328,4.5137082116410776e-05,27482.59614321349,348621.565242321,30.69052112637853,87.24742192837877,3.0939002093879324,27.144178896403226,9463253.91869573,0.0007574454858256364,0.00030173249153715953,-867.1599405881503,3.5457462123023404,-112.98400636655836,0.0,-0.22350662736007085,-0.3333333333333333,0.0
35599,2738,5,A6,32,7.32,154.7,0.7338888888888884,0.5863333333333325,0.6603333333333327,2.0257276147463348e-05,54903.65365950562,1304955.478573564,34.29795140178219,103.11079053651886,3.1382927268542957,17.503419779724855,22841234.32710057,0.0007298315607594089,0.000307204546285129,-674.7587661380434,16.794492699828513,8076.93749390951,0.0,-0.014595835808794037,-0.16666666666666666,0.0
36444,2803,5,A6,32,7.32,154.7,0.7338888888888884,0.5858888888888879,0.6601111111111104,2.0257276147463348e-05,54729.33205332744,1304955.478573564,34.28570448675085,103.11079053651886,3.1382927268542957,17.49329101471992,22827994.80762664,0.0007295773605312103,0.000307204546285129,-674.7587661380434,16.792391356574385,8075.6169963132215,0.0,-0.008293296205949135,-0.16666666666666666,0.0
36458,2804,6,C,64,5.812649637767698,243.9,0.5858888888888879,0.5882222222222219,0.5872777777777771,4.5137082116410776e-05,27382.9718933264,348621.565242321,30.618276749505046,86.53081169713268,3.092869858367888,27.001570927131763,9413661.647479614,0.0007569227734654307,0.00030901532747437666,-857.1659116644001,3.6157542838155337,-76.06381081481048,0.0,-0.35682695915680873,-0.16666666666666666,0.0
37030,2848,6,C,64,5.775310364104827,243.9,0.5858888888888879,0.5877777777777774,0.5870555555555551,4.5137082116410776e-05,27327.437269399416,348621.565242321,30.607974227851066,86.14909328386747,3.0923666012238638,26.932015322837923,9389161.34130962,0.0007566386144152216,0.000313024015126614,-851.798253559565,3.6757294173977213,-63.76402029527952,0.0,-0.08605785578207491,-0.16666666666666666,0.0
37238,2864,6,C,64,5.762499847236691,243.9,0.5858888888888879,0.5873333333333329,0.5868333333333327,4.5137082116410776e-05,27308.0207053834,348621.565242321,30.59767621089076,86.0184546345709,3.0922018110813294,26.915748243960827,9383502.53567768,0.0007565532719693758,0.00031441731900986117,-849.9541289519975,3.681663344172765,-51.58181688795993,0.0,-0.09923353393753664,-0.16666666666666666,0.0
37406,2877,5,A6,32,7.32,154.7,0.7338888888888884,0.5836666666666658,0.6592222222222215,2.0257276147463348e-05,54546.06648648673,1304955.478573564,34.23679292184643,103.11079053651886,3.1382927268542957,17.48466473733763,22816829.680869143,0.0007293008350669638,0.000307204546285129,-674.7587661380434,16.752035736252612,8145.545928648702,0.0,-0.034668096070191425,-0.3333333333333333,0.0
37407,2877,6,C,64,5.7523938717551175,243.9,0.5836666666666658,0.5837777777777773,0.5846111111111105,4.5137082116410776e-05,27292.57009021749,348621.565242321,30.494942255459065,85.91551267620895,3.0920746627795896,26.89991517174311,9378182.157286836,0.0007564798779214193,0.00031552304471126833,-848.4984125920386,3.594190574282319,-3.03250778781272,0.0,-0.3136910376115876,-0.3333333333333333,-0.3333333333333333
38057,2927,6,C,64,5.716064465889008,243.9,0.5836666666666658,0.581555555555555,0.5830555555555549,4.5137082116410776e-05,27236.04071796645,348621.565242321,30.42329235842055,85.54630035283866,3.0916384615818906,26.74450603623445,9323914.454465102,0.0007560072880657927,0.00031954650931054245,-843.2586560227106,3.6782043200939256,33.288494210836156,0.0,-0.21825078456266667,-0.3333333333333333,0.0
39149,3011,6,C,64,5.664190156349938,243.9,0.5836666666666658,0.5797777777777773,0.5819444444444437,4.5137082116410776e-05,27152.57207043544,348621.565242321,30.37224538584804,85.02140654101588,3.0910727204847515,26.65530400551868,9292838.53287862,0.0007555493037241839,0.00032542631177805885,-835.7588686823336,3.716296760239281,93.52552602037744,0.0,-0.24173253378062926,-0.16666666666666666,0.0
40384,3106,6,C,64,5.619578010473068,243.9,0.5836666666666658,0.577555555555555,0.5810555555555549,4.5137082116410776e-05,27078.102925467603,348621.565242321,30.33148606656908,84.57215909921662,3.0906405207502985,26.586381967153873,9268725.02309691,0.0007550932554291343,0.00033061374505409833,-829.2922398481401,3.744705594011755,141.4078708329859,0.0,-0.1494395262967229,-0.3333333333333333,0.0
40551,3119,4,A5,16,9.46,161.2,0.84,0.7316666666666661,0.7862777777777775,7.874815891778237e-06,107782.17087639633,1919460.3552955475,43.02296728104547,130.57293475327975,3.265971235566071,23.495771263271212,45099375.16567104,0.0007481637778979666,0.00017651954690785603,-873.1410554199905,19.527105519041587,11580.595470830633,0.0,-0.03393702474998083,-0.3333333333333333,0.0
40565,3120,5,A6,32,7.32,154.7,0.7316666666666661,0.5818888888888879,0.6569999999999994,2.0257276147463348e-05,54099.43354849084,1304955.478573564,34.11504225538355,103.11079053651886,3.1382927268542957,17.439330890576652,22758059.14257713,0.0007283205599134027,0.000307204546285129,-674.7587661380434,16.675321501497155,8078.848743241316,0.0,-0.1461987411543158,-0.16666666666666666,0.0
41021,3155,6,C,64,5.602495543907019,243.9,0.5818888888888879,0.5753333333333328,0.5790555555555549,4.5137082116410776e-05,27048.909240188503,348621.565242321,30.240029561849063,84.40066720729324,3.090488462168313,26.490925577653147,9235488.483715815,0.0007547388029087468,0.00033263295536796033,-826.8120253784406,3.748586104252333,153.27715236105732,0.0,-0.19420497884477295,-0.3333333333333333,0.0
2405447,185034,5,A6,32,7.32,154.7,0.7316666666666661,0.5823333333333325,0.6567777777777769,2.0257276147463348e-05,56614.65889004836,1304955.478573564,34.10290834925665,103.11079053651886,3.1382927268542957,26.36022397496553,34398904.0203541,0.0003361882325925272,0.000307204546285129,-674.7587661380434,7.742695617742427,8479.617798198373,0.0,0.004216294239014632,0.16666666666666666,0.0
2405448,185034,6,C,64,6.685283318443063,243.9,0.5823333333333325,0.5748888888888883,0.5786111111111104,4.5137082116410776e-05,28327.607202862157,348621.565242321,30.21975290218937,95.85086752806757,3.1136368350381494,28.786349825393025,10035541.593821097,0.0003381983451694455,0.00023360852091883306,-979.2740630877948,1.433405199213624,185.70320277430858,-1.0,0.0007959064792888897,-0.16666666666666666,0.16666666666666666
2419955,186150,5,A6,32,7.32,154.7,0.7316666666666661,0.582777777777777,0.6569999999999994,2.0257276147463348e-05,56614.65798762284,1304955.478573564,34.11504225538355,103.11079053651886,3.1382927268542957,26.409649127939048,34463401.71266395,0.0003345690237736439,0.000307204546285129,-674.7587661380434,7.705404318665887,8454.455592818362,0.0,0.004196708018509232,0.16666666666666666,0.0
2419956,186150,6,C,64,6.685282739426907,243.9,0.582777777777777,0.5744444444444439,0.5786111111111104,4.5137082116410776e-05,28327.606751326173,348621.565242321,30.21975290218937,95.85086108998155,3.1136368159512715,28.793419035893177,10038006.076685978,0.0003365304021480824,0.0002336085613847696,-979.273984275355,1.4263359782858558,210.88329470430855,-1.0,0.0007919961241619276,-0.16666666666666666,0.16666666666666666
2434528,187271,5,A6,32,7.32,154.7,0.7316666666666661,0.5832222222222214,0.6572222222222215,2.0257276147463348e-05,56614.65708057963,1304955.478573564,34.12718360790802,103.11079053651886,3.1382927268542957,26.459076141106273,34527901.83249012,0.0003329500579311562,0.000307204546285129,-674.7587661380434,7.668118605757698,8429.293387552982,0.0,0.004177108479077489,0.16666666666666666,0.0
2434529,187271,6,C,64,6.685282157448164,243.9,0.5832222222222214,0.5739999999999994,0.5786111111111104,4.5137082116410776e-05,28327.606297479688,348621.565242321,30.21975290218937,95.85085461895487,3.11363679676674,28.800484943291806,10040469.408018792,0.0003348632386503896,0.00023360860205776435,-979.2739050596616,1.4192700604585935,236.06338581232362,-1.0,0.0007880853880960111,-0.16666666666666666,0.16666666666666666
2449179,188398,5,A6,32,7.32,154.7,0.7316666666666661,0.5849999999999992,0.6581111111111104,2.0257276147463348e-05,56614.656085591014,1304955.478573564,34.17582373023364,103.11079053651886,3.1382927268542957,26.50891525229005,34592763.34400244,0.00033133017664499666,0.000307204546285129,-674.7587661380434,7.667054724707488,8328.644961924738,0.0,0.054842536460833126,0.16666666666666666,0.0
2449180,188398,6,C,64,6.685281519042005,243.9,0.5849999999999992,0.5722222222222216,0.5786111111111104,4.5137082116410776e-05,28327.605799629004,348621.565242321,30.21975290218937,95.85084752051165,3.113636775722126,28.80755349726241,10042933.66200513,0.0003331954483772384,0.000233608646674338,-979.2738181633802,1.4122014960551683,336.783757840026,0.0,0.0007841730797804378,-0.16666666666666666,0.16666666666666666
2508433,192956,5,A6,32,7.32,154.7,0.7316666666666661,0.5854444444444437,0.6583333333333327,2.0257276147463348e-05,56614.65232199199,1304955.478573564,34.18800250115711,103.11079053651886,3.1382927268542957,26.70634519822617,34850577.284906104,0.00032485428386905816,0.000307204546285129,-674.7587661380434,7.4816681800805185,8303.482340558841,0.0,0.004078931092444493,0.16666666666666666,0.0
2508434,192956,6,C,64,6.685279104238242,243.9,0.5854444444444437,0.5717777777777772,0.5786111111111104,4.5137082116410776e-05,28327.603916481483,348621.565242321,30.21975290218937,95.85082067029285,3.1136366961198725,28.83578526383911,10052775.879182316,0.00032653431198619926,0.00023360881543891225,-979.2734894737433,1.3839696878182224,361.9638278217015,-1.0,0.0007685504855749897,-0.16666666666666666,0.16666666666666666
2523435,194110,5,A6,32,7.32,154.7,0.7316666666666661,0.5872222222222214,0.6592222222222215,2.0257276147463348e-05,56614.65135169001,1304955.478573564,34.23679292184643,103.11079053651886,3.1382927268542957,26.756225690167604,34915492.25102004,0.00032323427713487987,0.000307204546285129,-674.7587661380434,7.480713634615978,8202.833929178214,0.0,0.05490110143138919,0.16666666666666666,0.0
2523436,194110,6,C,64,6.685278481672873,243.9,0.5872222222222214,0.5699999999999994,0.5786111111111104,4.5137082116410776e-05,28327.603430982963,348621.565242321,30.21975290218937,95.85081374798544,3.113636675597476,28.842843333683447,10055236.478170384,0.0003248689974975243,0.0002336088589484729,-979.2734047336052,1.376911607557588,462.68418937271474,0.0,0.0007646443756348776,-0.16666666666666666,0.16666666666666666
2584132,198779,5,A6,32,7.32,154.7,0.7316666666666661,0.5894444444444437,0.6601111111111104,2.0257276147463348e-05,56614.6476931452,1304955.478573564,34.28570448675085,103.11079053651886,3.1382927268542957,26.95406986136333,35173740.78536972,0.0003167576724966232,0.000307204546285129,-674.7587661380434,7.331726850810472,8102.185136530129,0.0,0.03458453360777753,0.3333333333333333,0.0
2584133,198779,6,C,64,6.685276134278964,243.9,0.5894444444444437,0.5677777777777772,0.5786111111111104,4.5137082116410776e-05,28327.601600400165,348621.565242321,30.21975290218937,95.8507876473043,3.1136365982174765,28.871035475910325,10065064.881427445,0.0003182172187759522,0.00023360902300216283,-979.2730852193583,1.348719423719995,563.4045207190624,0.0,0.0007490403558354126,-0.3333333333333333,0.3333333333333333
2661703,204746,5,A6,32,7.32,154.7,0.7316666666666661,0.5912222222222214,0.6612222222222215,2.0257276147463348e-05,56614.64321716963,1304955.478573564,34.347015539767234,103.11079053651886,3.1382927268542957,27.201856310356174,35497019.99419122,0.00030866184409655703,0.000307204546285129,-674.7587661380434,7.145305920529719,7976.374177707914,0.0,0.055009169492911014,0.16666666666666666,0.0
2661704,204746,6,C,64,6.685273262410675,243.9,0.5912222222222214,0.5659999999999994,0.5786111111111104,4.5137082116410776e-05,28327.599360809214,348621.565242321,30.21975290218937,95.85075571499833,3.1136365035487366,28.906229204938978,10077334.19244006,0.000309913463388196,0.00023360922371033522,-979.2726943164987,1.3135256427383588,689.304917779684,0.0,0.0007295579891571655,-0.16666666666666666,0.16666666666666666
2725182,209629,5,A6,32,7.32,154.7,0.7316666666666661,0.5929999999999992,0.6621111111111104,2.0257276147463348e-05,56614.639732276446,1304955.478573564,34.39620265867378,103.11079053651886,3.1382927268542957,27.40011496335847,35755738.538550794,0.00030218511431475255,0.000307204546285129,-674.7587661380434,6.9962345175115255,7875.725438312254,0.0,0.05505832357997367,0.16666666666666666,0.0
2725183,209629,6,C,64,6.685271026443057,243.9,0.5929999999999992,0.5642222222222216,0.5786111111111104,4.5137082116410776e-05,28327.59761711444,348621.565242321,30.21975290218937,95.85073085327814,3.113636429842043,28.93434724861066,10087136.763309697,0.00030327918205557737,0.000233609379977073,-979.2723899688775,1.2854075575509931,790.0252224328508,0.0,0.0007139896065296012,-0.16666666666666666,0.16666666666666666
2789987,214614,5,A6,32,7.32,154.7,0.7316666666666661,0.594777777777777,0.6629999999999994,2.0257276147463348e-05,56614.63632612116,1304955.478573564,34.445513585848964,103.11079053651886,3.1382927268542957,27.59849981282696,36014621.76121894,0.0002957082582248118,0.000307204546285129,-674.7587661380434,6.847160728181954,7775.076722120657,0.0,0.05510818498295663,0.16666666666666666,0.0
2789988,214614,6,C,64,6.685268840998363,243.9,0.594777777777777,0.5624444444444439,0.5786111111111104,4.5137082116410776e-05,28327.595912816803,348621.565242321,30.21975290218937,95.85070655332716,3.113636357800888,28.96243374118263,10096928.334771462,0.0002966523511681293,0.00023360953271302876,-979.2720924981153,1.257321023503792,890.7455159252315,0.0,0.0006984363958652593,-0.16666666666666666,0.16666666666666666
2856170,219705,5,A6,32,7.32,154.7,0.7316666666666661,0.5983333333333326,0.6645555555555549,2.0257276147463348e-05,56614.63299912076,1304955.478573564,34.532108135250816,103.11079053651886,3.1382927268542957,27.796664048946155,36273324.419196464,0.00028923188158562637,0.000307204546285129,-674.7587661380434,6.735508929547237,7598.941851437557,0.0,0.024316215966695785,0.3333333333333333,0.0
2856171,219705,6,C,64,6.6852667063439375,243.9,0.5983333333333326,0.5588888888888882,0.5786111111111104,4.5137082116410776e-05,28327.594248124966,348621.565242321,30.21975290218937,95.85068281811758,3.113636287434076,28.990486040236497,10106707.985619957,0.00029003359404321526,0.0002336096818995084,-979.2718019406044,1.229268683019075,1067.0060500127026,0.0,0.0006828998256511008,-0.3333333333333333,0.3333333333333333
2924653,224973,4,A5,16,9.46,161.2,0.84,0.7334444444444439,0.7864999999999998,7.874815891778237e-06,112790.58164493338,1919460.3552955475,43.04294112494847,130.57293475327975,3.265971235566071,35.477568979277365,68097391.59609525,0.00028670497030198376,0.00017651954690785603,-873.1410554199905,7.565578225411023,12068.592236007933,0.0,0.07727990246407263,0.16666666666666666,0.0
2924935,224995,0,A1,1,23.97,1267.6,0.94,0.93,0.935,1.8661096824233147e-06,1812332.6961289372,3920025.8883877983,68.84313102125539,438.21367181621366,4.841406895115785,67.67342587698371,265281574.58445916,0.0002941449847884871,3.496405668931764e-06,-11735.977579289667,1.1697068813035116,18123.32696128919,0.0,,,
2924936,224995,1,A2,2,19.17,930.3,0.93,0.92,0.925,3.158317422384201e-06,907035.2857243164,1964398.762338304,65.32779818369927,313.0164293498271,4.253657774509781,64.45163651119633,126608712.43467902,0.0002937235166927535,7.448569383604026e-06,-7840.128461874745,0.8761629749845667,9070.352857243173,0.0,,,
2924937,224995,2,A3,4,15.28,543.6,0.92,0.89,0.905,4.328170125165577e-06,453276.9002817711,2962124.244240345,59.809062479461616,228.5462913897538,3.810683123726725,57.27719010522684,169662142.34381676,0.00029262036372625105,2.006383546765765e-05,-4076.0598910407953,2.531876124529475,13598.307008453145,0.0,,,
2924938,224995,3,A4,8,12.08,302.3,0.89,0.84,0.865,5.814403351243977e-06,226621.16376073126,2496393.743755246,52.1839804757445,170.46352110053658,3.485850303253774,47.773451910732746,119261330.2038216,0.00029066939749826176,5.7725552532224855e-05,-1959.0112934206848,4.4105350798989775,11331.058188036572,0.0,,,
2924939,224995,4,A5,16,9.46,161.2,0.84,0.7334444444444439,0.7867222222222219,7.874815891778237e-06,112790.58161827867,1919460.3552955475,43.062938501407224,130.57293475327975,3.265971235566071,35.496392621135314,68133434.48180482,0.0002866850315905782,0.00017651954690785603,-873.1410554199905,7.566797987833547,12018.463085769976,0.0,,,
2924940,224995,5,A6,32,7.32,154.7,0.7334444444444439,0.5983333333333326,0.6658888888888883,2.0257276147463348e-05,56614.62969754963,1304955.478573564,34.6066392803048,103.11079053651886,3.1382927268542957,28.059523602097645,36616202.04312009,0.0002826887151684576,0.000307204546285129,-674.7587661380434,6.5472896363269415,7649.2655235800485,0.0,,,
2924941,224995,6,C,64,6.685264588008438,243.9,0.5983333333333326,0.5588888888888882,0.5786111111111104,4.5137082116410776e-05,28327.59259615688,348621.565242321,30.21975290218937,95.85065926436256,3.11363621760529,29.018973930948526,10116639.493340576,0.0002833120679328016,0.00023360982994563407,-979.2715136042958,1.2007807502266274,1117.3661524039642,0.0,,,
2924942,224995,7,V6,32,11.51,473.9,0.5588888888888882,0.5975,0.5781944444444441,1.0976578880243163e-05,56464.901579847225,157740.2838518819,30.20075895429165,161.19768259529758,3.4336256317253437,30.021278065041127,4735564.880866978,0.00028392325556995284,4.056044941015559e-05,-2970.6376500640868,0.17948116000497905,-2180.172588777474,0.0,,,
2924943,224995,8,V5,16,14.53,272.3,0.5975,0.5875,0.5925,2.6142262270160405e-06,113875.03536721545,255134.1549547153,30.861700208794414,214.00951386306312,3.7305249533617078,30.42651208041,7762842.282268193,0.00028415963356686225,4.4295666870081605e-05,-1983.27938324508,0.4351887774023808,1138.7503536721554,0.0,,,
2924944,224995,9,V4,8,17.79,426.6,0.5875,0.5825,0.585,1.926676151581028e-06,225435.933648623,252455.38899359442,30.51288853764036,281.3090635466409,4.092089011783971,30.266716287182746,7640995.5405752435,0.00028406713179847837,1.886111517189719e-05,-3468.105642994859,0.2461726198861953,1127.1796682431159,0.0,,,
2924945,224995,10,V3,4,21.45,632.5,0.5825,0.5775,0.5800000000000001,1.415510155307056e-06,451648.07485807134,506200.229983599,30.283174079615588,369.5970659612863,4.528590560913846,29.977790494192,15174764.211217238,0.0002838975326449539,8.75034127481544e-06,-5602.287087242983,0.30538404244214945,2258.2403742903584,0.0,,,
2924946,224995,11,V2,2,25.7,844.2,0.5775,0.5725,0.575,9.582036405812654e-07,906575.6352307831,1017328.1175123486,30.055629767320994,489.0152859095415,5.060357338702097,29.627087954376144,30140468.965770494,0.00028368750718749927,4.566973796643681e-06,-8017.479836123175,0.4285424520973038,4532.87817615392,0.0,,,
2924947,224995,12,V1,1,30.77,936.3,0.5725,0.5675,0.5700000000000001,5.427300986790478e-07,1807398.8737700316,2033062.020782772,29.83018037370109,655.2258445393543,5.7162579956740975,29.10246559662319,59167115.31750707,0.0002833644840679868,2.872566546373143e-06,-9424.781461717725,0.727715858267139,9036.994368850164,0.0,,,
2924948,224996,0,A1,1,23.97,1267.6,0.94,0.93,0.935,1.8661096824233147e-06,1812332.6961094718,3920025.8883877983,68.84313102125539,438.21367181621366,4.841406895115785,67.67343107308345,265281594.95333487,0.00029414367812865817,3.496405668931764e-06,-11735.977579289667,1.1697016851960598,18123.32696109453,0.0,,,
2924949,224996,1,A2,2,19.17,930.3,0.93,0.92,0.925,3.158317422384201e-06,907035.2857145744,1964398.762338304,65.32779818369927,313.0164293498271,4.253657774509781,64.45164040364692,126608720.08101553,0.00029372221179169145,7.448569383604026e-06,-7840.128461874745,0.8761590825281899,9070.352857145752,0.0,,,
2924950,224996,2,A3,4,15.28,543.6,0.92,0.89,0.905,4.328170125165577e-06,453276.9002769026,2962124.244240345,59.809062479461616,228.5462913897538,3.810683123726725,57.27720134120808,169662175.6262384,0.0002926190651309474,2.006383546765765e-05,-4076.0598910407953,2.531864888531622,13598.307008307092,0.0,,,
2924951,224996,3,A4,8,12.08,302.3,0.89,0.84,0.865,5.814403351243977e-06,226621.1637582972,2496393.743755246,52.1839804757445,170.46352110053658,3.485850303253774,47.77347144057069,119261378.95805857,0.0002906681104118012,5.7725552532224855e-05,-1959.0112934206848,4.410515550032322,11331.05818791487,0.0,,,
2924952,224996,4,A5,16,9.46,161.2,0.84,0.7334444444444439,0.7867222222222219,7.874815891778237e-06,112790.58161706725,1919460.3552955475,43.062938501407224,130.57293475327975,3.265971235566071,35.49714074621085,68134875.9656878,0.0002866840809474288,0.00017651954690785603,-873.1410554199905,7.566047003902567,12018.463085640891,0.0,,,
2924953,224996,5,A6,32,7.32,154.7,0.7334444444444439,0.5983333333333326,0.6658888888888883,2.0257276147463348e-05,56614.62969694156,1304955.478573564,34.6066392803048,103.11079053651886,3.1382927268542957,28.060039093571998,36616877.63979925,0.00028268780580429715,0.000307204546285129,-674.7587661380434,6.546771920059793,7649.265523497893,0.0,,,
2924954,224996,6,C,64,6.685264587618289,243.9,0.5983333333333326,0.5588888888888882,0.5786111111111104,4.5137082116410776e-05,28327.592595852617,348621.565242321,30.21975290218937,95.85065926002451,3.1136362175924286,29.01897925346569,10116641.348887583,0.00028331081212128954,0.00023360982997290078,-979.2715135511912,1.200775427701597,1117.366152391963,0.0,,,
2924955,224996,7,V6,32,11.51,473.9,0.5588888888888882,0.5975,0.5781944444444441,1.0976578880243163e-05,56464.90157924075,157740.2838518819,30.20075895429165,161.19768259529758,3.4336256317253437,30.02127886243444,4735565.006648216,0.00028392199416263586,4.056044941015559e-05,-2970.6376500640868,0.1794803626104624,-2180.172588754058,0.0,,,
2924956,224996,8,V5,16,14.53,272.3,0.5975,0.5875,0.5925,2.6142262270160405e-06,113875.0353659924,255134.1549547153,30.861700208794414,214.00951386306312,3.7305249533617078,30.42651401287036,7762842.77530557,0.00028415837175110284,4.4295666870081605e-05,-1983.27938324508,0.4351868449391354,1138.750353659925,0.0,,,
2924957,224996,9,V4,8,17.79,426.6,0.5875,0.5825,0.585,1.926676151581028e-06,225435.9336462017,252455.38899359442,30.51288853764036,281.3090635466409,4.092089011783971,30.266717380727897,7640995.816647028,0.0002840658699168583,1.886111517189719e-05,-3468.105642994859,0.24617152633939554,1127.1796682310096,0.0,,,
2924958,224996,10,V3,4,21.45,632.5,0.5825,0.5775,0.5800000000000001,1.415510155307056e-06,451648.0748532204,506200.229983599,30.283174079615588,369.5970659612863,4.528590560913846,29.977791850585152,15174764.89782479,0.0002838962716843388,8.75034127481544e-06,-5602.287087242983,0.3053826860469684,2258.240374266104,0.0,,,
2924959,224996,11,V2,2,25.7,844.2,0.5775,0.5725,0.575,9.582036405812654e-07,906575.6352210463,1017328.1175123486,30.055629767320994,489.0152859095415,5.060357338702097,29.627089857261605,30140470.90163227,0.00028368624750915066,4.566973796643681e-06,-8017.479836123175,0.4285405492090071,4532.878176105235,0.0,,,
2924960,224996,12,V1,1,30.77,936.3,0.5725,0.5675,0.5700000000000001,5.427300986790478e-07,1807398.8737506191,2033062.020782772,29.83018037370109,655.2258445393543,5.7162579956740975,29.102468825711583,59167121.88245378,0.00028336322669483767,2.872566546373143e-06,-9424.781461717725,0.7277126291739577,9036.994368753105,0.0,,,
2924961,224997,0,A1,1,23.97,1267.6,0.94,0.93,0.935,1.8661096824233147e-06,1812332.6960900063,3920025.8883877983,68.84313102125539,438.21367181621366,4.841406895115785,67.67343626916012,265281615.32212016,0.0002941423714746307,3.496405668931764e-06,-11735.977579289667,1.169696489111672,18123.32696089988,0.0,,,
2924962,224997,1,A2,2,19.17,930.3,0.93,0.92,0.925,3.158317422384201e-06,907035.2857048323,1964398.762338304,65.32779818369927,313.0164293498271,4.253657774509781,64.45164429608023,126608727.72731803,0.00029372090689642403,7.448569383604026e-06,-7840.128461874745,0.8761551900890936,9070.35285704833,0.0,,,
2924963,224997,2,A3,4,15.28,543.6,0.92,0.89,0.905,4.328170125165577e-06,453276.9002720342,2962124.244240345,59.809062479461616,228.5462913897538,3.810683123726725,57.27721257713953,169662208.90851262,0.00029261776654139715,2.006383546765765e-05,-4076.0598910407953,2.5318536525835498,13598.307008161035,0.0,,,
2924964,224997,3,A4,8,12.08,302.3,0.89,0.84,0.865,5.814403351243977e-06,226621.16375586318,2496393.743755246,52.1839804757445,170.46352110053658,3.485850303253774,47.77349097032252,119261427.71208054,0.00029066682333101483,5.7725552532224855e-05,-1959.0112934206848,4.410496020251769,11331.058187793169,0.0,,,
2924965,224997,4,A5,16,9.46,161.2,0.84,0.7334444444444439,0.7867222222222219,7.874815891778237e-06,112790.58161585582,1919460.3552955475,43.062938501407224,130.57293475327975,3.265971235566071,35.49788039174971,68136301.10836957,0.00028668312662691683,0.00017651954690785603,-873.1410554199905,7.565304533406709,12018.463085511805,0.0,,,
2924966,224997,5,A6,32,7.32,154.7,0.7334444444444439,0.5983333333333326,0.6658888888888883,2.0257276147463348e-05,56614.629696333475,1304955.478573564,34.6066392803048,103.11079053651886,3.1382927268542957,28.06054799682484,36617544.59986603,0.0002826868919946439,0.000307204546285129,-674.7587661380434,6.54626082211221,7649.265523415735,0.0,,,
2924967,224997,6,C,64,6.685264587228147,243.9,0.5983333333333326,0.5588888888888882,0.5786111111111104,4.5137082116410776e-05,28327.592595548365,348621.565242321,30.21975290218937,95.85065925568651,3.113636217579568,29.018984575959333,10116643.20442639,0.000283309556315328,0.00023360983000016703,-979.2715134980873,1.200770105200089,1117.366152379962,0.0,,,
2924968,224997,7,V6,32,11.51,473.9,0.5588888888888882,0.5975,0.5781944444444441,1.0976578880243163e-05,56464.901578634286,157740.2838518819,30.20075895429165,161.19768259529758,3.4336256317253437,30.02127965982421,4735565.132428895,0.0002839207327609209,4.056044941015559e-05,-2970.6376500640868,0.17947956521948782,-2180.1725887306416,0.0,,,
2924969,224997,8,V5,16,14.53,272.3,0.5975,0.5875,0.5925,2.6142262270160405e-06,113875.0353647693,255134.1549547153,30.861700208794414,214.00951386306312,3.7305249533617078,30.426515945322148,7762843.268340757,0.00028415710994094133,4.4295666870081605e-05,-1983.27938324508,0.4351849124844698,1138.7503536476938,0.0,,,
2924970,224997,9,V4,8,17.79,426.6,0.5875,0.5825,0.585,1.926676151581028e-06,225435.9336437804,252455.38899359442,30.51288853764036,281.3090635466409,4.092089011783971,30.266718474268213,7640996.092717583,0.0002840646080408408,1.886111517189719e-05,-3468.105642994859,0.2461704327974523,1127.1796682189026,0.0,,,
2924971,224997,10,V3,4,21.45,632.5,0.5825,0.5775,0.5800000000000001,1.415510155307056e-06,451648.07484836935,506200.229983599,30.283174079615588,369.5970659612863,4.528590560913846,29.97779320697229,15174765.584429298,0.0002838950107293206,8.75034127481544e-06,-5602.287087242983,0.3053813296578056,2258.240374241849,0.0,,,
2924972,224997,11,V2,2,25.7,844.2,0.5775,0.5725,0.575,9.582036405812654e-07,906575.6352113091,1017328.1175123486,30.055629767320994,489.0152859095415,5.060357338702097,29.62709176013863,30140472.83748545,0.00028368498783638987,4.566973796643681e-06,-8017.479836123175,0.4285386463291481,4532.878176056549,0.0,,,
2924973,224997,12,V1,1,30.77,936.3,0.5725,0.5675,0.5700000000000001,5.427300986790478e-07,1807398.8737312062,2033062.020782772,29.83018037370109,655.2258445393543,5.7162579956740975,29.10247205478567,59167128.4473714,0.00028336196932725864,2.872566546373143e-06,-9424.781461717725,0.7277094000950832,9036.99436865604,0.0,,,
2924974,224998,0,A1,1,23.97,1267.6,0.94,0.93,0.935,1.8661096824233147e-06,1812332.6960705412,3920025.8883877983,68.84313102125539,438.21367181621366,4.841406895115785,67.67344146521373,265281635.69081503,0.0002941410648264047,3.496405668931764e-06,-11735.977579289667,1.1696912930503631,18123.326960705228,0.0,,,
2924975,224998,1,A2,2,19.17,930.3,0.93,0.92,0.925,3.158317422384201e-06,907035.2856950904,1964398.762338304,65.32779818369927,313.0164293498271,4.253657774509781,64.45164818849625,126608735.37358664,0.0002937196020069514,7.448569383604026e-06,-7840.128461874745,0.8761512976672776,9070.352856950913,0.0,,,
2924976,224998,2,A3,4,15.28,543.6,0.92,0.89,0.905,4.328170125165577e-06,453276.9002671658,2962124.244240345,59.809062479461616,228.5462913897538,3.810683123726725,57.27722381302121,169662242.19063935,0.00029261646795760056,2.006383546765765e-05,-4076.0598910407953,2.5318424166852584,13598.307008014985,0.0,,,
2924977,224998,3,A4,8,12.08,302.3,0.89,0.84,0.865,5.814403351243977e-06,226621.16375342922,2496393.743755246,52.1839804757445,170.46352110053658,3.485850303253774,47.77351049998825,119261476.46588759,0.00029066553625590287,5.7725552532224855e-05,-1959.0112934206848,4.410476490557316,11331.058187671468,0.0,,,
2924978,224998,4,A5,16,9.46,161.2,0.84,0.7334444444444439,0.7867222222222219,7.874815891778237e-06,112790.5816146444,1919460.3552955475,43.062938501407224,130.57293475327975,3.265971235566071,35.498611658296596,68137710.10361332,0.00028668216867300933,0.00017651954690785603,-873.1410554199905,7.564570475399286,12018.463085382722,0.0,,,
2924979,224998,5,A6,32,7.32,154.7,0.7334444444444439,0.5983333333333326,0.6658888888888883,2.0257276147463348e-05,56614.62969572543,1304955.478573564,34.6066392803048,103.11079053651886,3.1382927268542957,28.061050400984684,36618203.04016058,0.0002826859738000207,0.000307204546285129,-674.7587661380434,6.545756252948466,7649.265523333579,0.0,,,
2924980,224998,6,C,64,6.6852645868380085,243.9,0.5983333333333326,0.5588888888888882,0.5786111111111104,4.5137082116410776e-05,28327.59259524412,348621.565242321,30.21975290218937,95.85065925134857,3.1136362175667074,29.01898989842945,10116645.059956996,0.00028330830051491695,0.00023360983002743306,-979.2715134449834,1.2007647827221035,1117.366152367961,0.0,,,
2924981,224998,7,V6,32,11.51,473.9,0.5588888888888882,0.5975,0.5781944444444441,1.0976578880243163e-05,56464.90157802784,157740.2838518819,30.20075895429165,161.19768259529758,3.4336256317253437,30.02128045721045,4735565.258209015,0.00028391947136480785,4.056044941015559e-05,-2970.6376500640868,0.17947876783205174,-2180.1725887072257,0.0,,,
2924982,224998,8,V5,16,14.53,272.3,0.5975,0.5875,0.5925,2.6142262270160405e-06,113875.03536354625,255134.1549547153,30.861700208794414,214.00951386306312,3.7305249533617078,30.426517877765363,7762843.761373758,0.0002841558481363778,4.4295666870081605e-05,-1983.27938324508,0.4351829800383733,1138.7503536354636,0.0,,,
2924983,224998,9,V4,8,17.79,426.6,0.5875,0.5825,0.585,1.926676151581028e-06,225435.9336413591,252455.38899359442,30.51288853764036,281.3090635466409,4.092089011783971,30.26671956780365,7640996.368786915,0.00028406334617042586,1.886111517189719e-05,-3468.105642994859,0.2461693392603657,1127.1796682067966,0.0,,,
2924984,224998,10,V3,4,21.45,632.5,0.5825,0.5775,0.5800000000000001,1.415510155307056e-06,451648.0748435186,506200.229983599,30.283174079615588,369.5970659612863,4.528590560913846,29.9777945633534,15174766.271030756,0.00028389374977989953,8.75034127481544e-06,-5602.287087242983,0.3053799732746647,2258.2403742175948,0.0,,,
2924985,224998,11,V2,2,25.7,844.2,0.5775,0.5725,0.575,9.582036405812654e-07,906575.635201572,1017328.1175123486,30.055629767320994,489.0152859095415,5.060357338702097,29.6270936630072,30140474.773330044,0.0002836837281692176,4.566973796643681e-06,-8017.479836123175,0.42853674345773385,4532.878176007865,0.0,,,
2924986,224998,12,V1,1,30.77,936.3,0.5725,0.5675,0.5700000000000001,5.427300986790478e-07,1807398.8737117944,2033062.020782772,29.83018037370109,655.2258445393543,5.7162579956740975,29.102475283845447,59167135.01225994,0.00028336071196524953,2.872566546373143e-06,-9424.781461717725,0.7277061710305119,9036.994368558979,0.0,,,
2924987,224999,0,A1,1,23.97,1267.6,0.94,0.93,0.935,1.8661096824233147e-06,1812332.696051077,3920025.8883877983,68.84313102125539,438.21367181621366,4.841406895115785,67.67344666124426,265281656.05941945,0.0002941397581839802,3.496405668931764e-06,-11735.977579289667,1.169686097012118,18123.32696051058,0.0,,,
2924988,224999,1,A2,2,19.17,930.3,0.93,0.92,0.925,3.158317422384201e-06,907035.2856853488,1964398.762338304,65.32779818369927,313.0164293498271,4.253657774509781,64.451652080895,126608743.01982129,0.00029371829712327346,7.448569383604026e-06,-7840.128461874745,0.8761474052627563,9070.352856853497,0.0,,,
2924989,224999,2,A3,4,15.28,543.6,0.92,0.89,0.905,4.328170125165577e-06,453276.9002622976,2962124.244240345,59.809062479461616,228.5462913897538,3.810683123726725,57.277235048853115,169662275.47261864,0.0002926151693795576,2.006383546765765e-05,-4076.0598910407953,2.53183118083674,13598.307007868938,0.0,,,
2924990,224999,3,A4,8,12.08,302.3,0.89,0.84,0.865,5.814403351243977e-06,226621.16375099518,2496393.743755246,52.1839804757445,170.46352110053658,3.485850303253774,47.77353002956788,119261525.21947972,0.00029066424918646524,5.7725552532224855e-05,-1959.0112934206848,4.410456960948963,11331.05818754977,0.0,,,
2924991,224999,4,A5,16,9.46,161.2,0.84,0.7334444444444439,0.7867222222222219,7.874815891778237e-06,112790.58161343301,1919460.3552955475,43.062938501407224,130.57293475327975,3.265971235566071,35.4993346452039,68139103.14288445,0.00028668120712914484,0.00017651954690785603,-873.1410554199905,7.5638447301306755,12018.46308525364,0.0,,,
2924992,224999,5,A6,32,7.32,154.7,0.7334444444444439,0.5983333333333326,0.6658888888888883,2.0257276147463348e-05,56614.62969511737,1304955.478573564,34.6066392803048,103.11079053651886,3.1382927268542957,28.061546393974147,36618853.0759422,0.0002826850512801239,0.000307204546285129,-674.7587661380434,6.545258124244239,7649.265523251424,0.0,,,
2924993,224999,6,C,64,6.685264586447872,243.9,0.5983333333333326,0.5588888888888882,0.5786111111111104,4.5137082116410776e-05,28327.592594939877,348621.565242321,30.21975290218937,95.85065924701068,3.113636217553848,29.01899522087605,10116646.915479401,0.0002833070447200564,0.00023360983005469882,-979.2715133918804,1.2007594602676477,1117.36615235596,0.0,,,
2924994,224999,7,V6,32,11.51,473.9,0.5588888888888882,0.5975,0.5781944444444441,1.0976578880243163e-05,56464.901577421384,157740.2838518819,30.20075895429165,161.19768259529758,3.4336256317253437,30.021281254593138,4735565.383988578,0.00028391820997429704,4.056044941015559e-05,-2970.6376500640868,0.17947797044815414,-2180.1725886838103,0.0,,,
2924995,224999,8,V5,16,14.53,272.3,0.5975,0.5875,0.5925,2.6142262270160405e-06,113875.03536232321,255134.1549547153,30.861700208794414,214.00951386306312,3.7305249533617078,30.42651981020001,7762844.254404574,0.0002841545863374122,4.4295666870081605e-05,-1983.27938324508,0.4351810476008531,1138.7503536232332,0.0,,,
2924996,224999,9,V4,8,17.79,426.6,0.5875,0.5825,0.585,1.926676151581028e-06,225435.9336389379,252455.38899359442,30.51288853764036,281.3090635466409,4.092089011783971,30.266720661334247,7640996.6448550215,0.00028406208430561345,1.886111517189719e-05,-3468.105642994859,0.24616824572813198,1127.1796681946905,0.0,,,
2924997,224999,10,V3,4,21.45,632.5,0.5825,0.5775,0.5800000000000001,1.415510155307056e-06,451648.0748386678,506200.229983599,30.283174079615588,369.5970659612863,4.528590560913846,29.97779591972849,15174766.957629168,0.00028389248883607535,8.75034127481544e-06,-5602.287087242983,0.3053786168975421,2258.2403741933413,0.0,,,
2924998,224999,11,V2,2,25.7,844.2,0.5775,0.5725,0.575,9.582036405812654e-07,906575.6351918351,1017328.1175123486,30.055629767320994,489.0152859095415,5.060357338702097,29.62709556586734,30140476.70916605,0.0002836824685076333,4.566973796643681e-06,-8017.479836123175,0.4285348405947644,4532.878175959179,0.0,,,
2924999,224999,12,V1,1,30.77,936.3,0.5725,0.5675,0.5700000000000001,5.427300986790478e-07,1807398.8736923826,2033062.020782772,29.83018037370109,655.2258445393543,5.7162579956740975,29.10247851289093,59167141.57711941,0.0002833594546088103,2.872566546373143e-06,-9424.781461717725,0.7277029419802439,9036.99436846192,0.0,,,
